account,country,revenue_cpm,buy_cpm,profit_cpm,roi_percent,profiton_galaksion_revenue,revenue_weighted_profit,profiton_currency,mybid_currency,galaksion_currency
sv2,PH,0.5800,0.3300,0.2500,75.76,2095.1500,523.7875,USD,USD,USD
nsd,PH,0.6400,0.3300,0.3100,93.94,406.3400,125.9654,USD,USD,USD
nsd,BD,0.5600,0.1900,0.3700,194.74,304.4800,112.6576,USD,USD,USD
nsd,ZM,1.1700,0.8000,0.3700,46.25,230.6200,85.3294,USD,USD,USD
sv,BR,1.1300,0.2200,0.9100,413.64,63.7300,57.9943,USD,USD,USD
sv2,ES,0.5100,0.3000,0.2100,70.00,200.2100,42.0441,USD,USD,USD
sv,RS,0.9600,0.1700,0.7900,464.71,51.3200,40.5428,USD,USD,USD
sv,BD,0.6300,0.1900,0.4400,231.58,87.8700,38.6628,USD,USD,USD
sv,ML,1.0100,0.1000,0.9100,910.00,35.9400,32.7054,USD,USD,USD
sv,ZM,1.6000,0.8000,0.8000,100.00,36.6100,29.2880,USD,USD,USD
sv2,ZM,1.0100,0.8000,0.2100,26.25,123.5200,25.9392,USD,USD,USD
sv,PK,0.5800,0.1500,0.4300,286.67,60.3200,25.9376,USD,USD,USD
sv2,PK,0.4200,0.1500,0.2700,180.00,91.6700,24.7509,USD,USD,USD
nsd,PK,0.3300,0.1500,0.1800,120.00,135.4000,24.3720,USD,USD,USD
sv,KE,0.8200,0.1400,0.6800,485.71,35.8000,24.3440,USD,USD,USD
sv2,RS,0.4600,0.1700,0.2900,170.59,83.2700,24.1483,USD,USD,USD
nsd,NP,0.2800,0.1300,0.1500,115.38,156.6600,23.4990,USD,USD,USD
sv2,CN,0.6700,0.0900,0.5800,644.44,32.4300,18.8094,USD,USD,USD
sv2,SE,0.5300,0.1300,0.4000,307.69,46.9800,18.7920,USD,USD,USD
nsd,SE,0.7500,0.1300,0.6200,476.92,29.9600,18.5752,USD,USD,USD
sv2,ZA,0.5600,0.1800,0.3800,211.11,46.4200,17.6396,USD,USD,USD
nsd,NL,0.6200,0.2900,0.3300,113.79,52.4500,17.3085,USD,USD,USD
nsd,AZ,0.8300,0.1700,0.6600,388.24,24.3600,16.0776,USD,USD,USD
sv,IQ,0.3000,0.0900,0.2100,233.33,62.8600,13.2006,USD,USD,USD
nsd,CD,0.6000,0.3900,0.2100,53.85,62.3700,13.0977,USD,USD,USD
nsd,ML,0.5700,0.1000,0.4700,470.00,27.5900,12.9673,USD,USD,USD
nsd,CN,1.0300,0.0900,0.9400,1044.44,13.6300,12.8122,USD,USD,USD
sv,CI,1.1500,0.8000,0.3500,43.75,36.2100,12.6735,USD,USD,USD
sv2,BD,0.3200,0.1900,0.1300,68.42,95.1900,12.3747,USD,USD,USD
sv,EG,0.3800,0.3500,0.0300,8.57,402.5000,12.0750,USD,USD,USD
sv2,BR,0.3300,0.2200,0.1100,50.00,104.8400,11.5324,USD,USD,USD
sv,CN,0.8900,0.0900,0.8000,888.89,13.9000,11.1200,USD,USD,USD
sv,DE,0.4600,0.3400,0.1200,35.29,89.5700,10.7484,USD,USD,USD
sv2,GN,0.6100,0.1500,0.4600,306.67,23.2100,10.6766,USD,USD,USD
sv2,AZ,0.6100,0.1700,0.4400,258.82,22.6100,9.9484,USD,USD,USD
nsd,BR,0.3900,0.2200,0.1700,77.27,58.2200,9.8974,USD,USD,USD
sv,DZ,0.2700,0.1500,0.1200,80.00,79.4500,9.5340,USD,USD,USD
sv2,GB,0.5000,0.4000,0.1000,25.00,94.3600,9.4360,USD,USD,USD
sv,ZA,0.8600,0.1800,0.6800,377.78,11.7200,7.9696,USD,USD,USD
sv2,MX,0.2800,0.1900,0.0900,47.37,84.9500,7.6455,USD,USD,USD
nsd,MY,0.6400,0.2400,0.4000,166.67,18.5000,7.4000,USD,USD,USD
sv,FR,0.4900,0.3300,0.1600,48.48,44.0500,7.0480,USD,USD,USD
sv,CD,0.7400,0.3900,0.3500,89.74,19.4700,6.8145,USD,USD,USD
sv2,IQ,0.1600,0.0900,0.0700,77.78,96.0300,6.7221,USD,USD,USD
nsd,IQ,0.1600,0.0900,0.0700,77.78,95.7000,6.6990,USD,USD,USD
sv,AZ,0.8200,0.1700,0.6500,382.35,9.6700,6.2855,USD,USD,USD
sv,CA,0.6200,0.4000,0.2200,55.00,27.9800,6.1556,USD,USD,USD
sv2,NL,0.4300,0.2900,0.1400,48.28,41.8700,5.8618,USD,USD,USD
nsd,VN,0.2400,0.1700,0.0700,41.18,81.9300,5.7351,USD,USD,USD
sv,NL,0.6200,0.2900,0.3300,113.79,17.1900,5.6727,USD,USD,USD
sv2,DZ,0.1900,0.1500,0.0400,26.67,140.5100,5.6204,USD,USD,USD
nsd,BJ,1.2200,0.8500,0.3700,43.53,15.0300,5.5611,USD,USD,USD
sv,LK,0.4300,0.3300,0.1000,30.30,51.2000,5.1200,USD,USD,USD
nsd,KG,0.3100,0.2500,0.0600,24.00,82.8500,4.9710,USD,USD,USD
sv,NP,0.2800,0.1300,0.1500,115.38,30.4900,4.5735,USD,USD,USD
sv2,AR,0.4500,0.1900,0.2600,136.84,16.6700,4.3342,USD,USD,USD
sv,KG,0.3800,0.2500,0.1300,52.00,32.3300,4.2029,USD,USD,USD
sv,UG,0.3100,0.1400,0.1700,121.43,22.9500,3.9015,USD,USD,USD
sv,KR,0.4800,0.4100,0.0700,17.07,50.9700,3.5679,USD,USD,USD
sv2,ML,0.4200,0.1000,0.3200,320.00,11.1200,3.5584,USD,USD,USD
nsd,AO,0.4400,0.1300,0.3100,238.46,11.1500,3.4565,USD,USD,USD
sv,GH,0.4200,0.1900,0.2300,121.05,14.6000,3.3580,USD,USD,USD
sv2,MW,1.0600,0.6700,0.3900,58.21,8.4500,3.2955,USD,USD,USD
sv2,GH,0.2900,0.1900,0.1000,52.63,32.2600,3.2260,USD,USD,USD
sv,NG,0.3300,0.2300,0.1000,43.48,31.0200,3.1020,USD,USD,USD
sv,UA,0.6600,0.3900,0.2700,69.23,10.3200,2.7864,USD,USD,USD
sv2,CD,0.4600,0.3900,0.0700,17.95,36.5800,2.5606,USD,USD,USD
sv2,MY,0.3900,0.2400,0.1500,62.50,16.9700,2.5455,USD,USD,USD
sv,TZ,0.3900,0.1500,0.2400,160.00,10.4800,2.5152,USD,USD,USD
nsd,KE,0.3500,0.1400,0.2100,150.00,11.3400,2.3814,USD,USD,USD
sv2,DE,0.3500,0.3400,0.0100,2.94,226.4600,2.2646,USD,USD,USD
nsd,BF,0.3800,0.1700,0.2100,123.53,10.1800,2.1378,USD,USD,USD
sv2,BF,0.3700,0.1700,0.2000,117.65,10.6300,2.1260,USD,USD,USD
sv,VN,0.2400,0.1700,0.0700,41.18,28.8800,2.0216,USD,USD,USD
sv2,KE,0.2300,0.1400,0.0900,64.29,22.1700,1.9953,USD,USD,USD
nsd,TH,0.5600,0.4300,0.1300,30.23,15.1800,1.9734,USD,USD,USD
sv2,UZ,0.2700,0.1600,0.1100,68.75,17.3300,1.9063,USD,USD,USD
nsd,GH,0.2600,0.1900,0.0700,36.84,25.8100,1.8067,USD,USD,USD
nsd,HT,0.3100,0.1300,0.1800,138.46,9.7300,1.7514,USD,USD,USD
nsd,UG,0.2000,0.1400,0.0600,42.86,27.3100,1.6386,USD,USD,USD
sv,GN,0.4200,0.1500,0.2700,180.00,5.8100,1.5687,USD,USD,USD
sv,SE,0.5700,0.1300,0.4400,338.46,3.5600,1.5664,USD,USD,USD
sv2,SG,0.3200,0.1200,0.2000,166.67,7.7200,1.5440,USD,USD,USD
sv,UY,1.1400,0.1100,1.0300,936.36,1.4100,1.4523,USD,USD,USD
nsd,ZW,0.6600,0.5000,0.1600,32.00,9.0300,1.4448,USD,USD,USD
sv2,UG,0.2100,0.1400,0.0700,50.00,20.3500,1.4245,USD,USD,USD
sv2,NG,0.2600,0.2300,0.0300,13.04,44.8600,1.3458,USD,USD,USD
sv,JO,0.4900,0.4300,0.0600,13.95,22.2700,1.3362,USD,USD,USD
sv2,TZ,0.2100,0.1500,0.0600,40.00,21.7400,1.3044,USD,USD,USD
sv,LB,0.3000,0.1200,0.1800,150.00,7.2000,1.2960,USD,USD,USD
sv,TW,0.2900,0.2600,0.0300,11.54,42.1000,1.2630,USD,USD,USD
nsd,SG,0.3900,0.1200,0.2700,225.00,4.6500,1.2555,USD,USD,USD
nsd,RS,0.2900,0.1700,0.1200,70.59,10.2200,1.2264,USD,USD,USD
sv2,VE,0.2200,0.1300,0.0900,69.23,13.4800,1.2132,USD,USD,USD
sv2,KW,0.1900,0.1100,0.0800,72.73,14.1000,1.1280,USD,USD,USD
nsd,TN,0.1900,0.1300,0.0600,46.15,18.7700,1.1262,USD,USD,USD
nsd,DO,0.2200,0.1300,0.0900,69.23,12.2100,1.0989,USD,USD,USD
sv,BA,0.4300,0.1300,0.3000,230.77,3.6600,1.0980,USD,USD,USD
sv,BF,0.4900,0.1700,0.3200,188.24,3.1400,1.0048,USD,USD,USD
nsd,GN,0.2600,0.1500,0.1100,73.33,8.8500,0.9735,USD,USD,USD
sv2,AE,0.2400,0.1400,0.1000,71.43,9.2900,0.9290,USD,USD,USD
sv,TG,0.4600,0.1100,0.3500,318.18,2.6500,0.9275,USD,USD,USD
sv,KW,0.2600,0.1100,0.1500,136.36,6.0600,0.9090,USD,USD,USD
sv2,NP,0.1600,0.1300,0.0300,23.08,30.2900,0.9087,USD,USD,USD
nsd,RU,0.6900,0.2600,0.4300,165.38,2.0800,0.8944,USD,USD,USD
sv,SA,0.2400,0.1000,0.1400,140.00,5.7300,0.8022,USD,USD,USD
nsd,LB,0.2000,0.1200,0.0800,66.67,9.6900,0.7752,USD,USD,USD
sv,HR,0.3300,0.1500,0.1800,120.00,4.0500,0.7290,USD,USD,USD
nsd,KW,0.1700,0.1100,0.0600,54.55,10.9700,0.6582,USD,USD,USD
nsd,TG,0.2600,0.1100,0.1500,136.36,4.2800,0.6420,USD,USD,USD
nsd,SL,0.3000,0.1000,0.2000,200.00,3.1600,0.6320,USD,USD,USD
sv2,RU,0.6100,0.2600,0.3500,134.62,1.7800,0.6230,USD,USD,USD
nsd,GA,0.4900,0.2000,0.2900,145.00,2.0600,0.5974,USD,USD,USD
nsd,SA,0.1700,0.1000,0.0700,70.00,7.9000,0.5530,USD,USD,USD
nsd,NG,0.2400,0.2300,0.0100,4.35,51.3500,0.5135,USD,USD,USD
sv,TJ,0.2600,0.1600,0.1000,62.50,5.0700,0.5070,USD,USD,USD
sv,MX,0.3000,0.1900,0.1100,57.89,4.5700,0.5027,USD,USD,USD
nsd,AR,0.2800,0.1900,0.0900,47.37,5.4800,0.4932,USD,USD,USD
sv,MY,0.3800,0.2400,0.1400,58.33,3.5200,0.4928,USD,USD,USD
sv,SG,0.5400,0.1200,0.4200,350.00,1.0800,0.4536,USD,USD,USD
sv2,CH,0.5600,0.5500,0.0100,1.82,44.7600,0.4476,USD,USD,USD
sv,QA,0.2500,0.1400,0.1100,78.57,3.6100,0.3971,USD,USD,USD
nsd,TJ,0.1900,0.1600,0.0300,18.75,12.0400,0.3612,USD,USD,USD
sv,MA,0.3700,0.3500,0.0200,5.71,17.5300,0.3506,USD,USD,USD
sv2,TJ,0.2000,0.1600,0.0400,25.00,8.0600,0.3224,USD,USD,USD
nsd,ZA,0.2200,0.1800,0.0400,22.22,7.8500,0.3140,USD,USD,USD
sv,BO,0.6600,0.5500,0.1100,20.00,2.8500,0.3135,USD,USD,USD
sv,AE,0.2400,0.1400,0.1000,71.43,3.0400,0.3040,USD,USD,USD
nsd,BW,0.2800,0.0700,0.2100,300.00,1.4200,0.2982,USD,USD,USD
sv,OM,0.1700,0.1100,0.0600,54.55,4.8400,0.2904,USD,USD,USD
sv,AR,0.3400,0.1900,0.1500,78.95,1.9300,0.2895,USD,USD,USD
sv2,GE,0.2000,0.1400,0.0600,42.86,4.3700,0.2622,USD,USD,USD
sv2,CO,0.1400,0.0900,0.0500,55.56,5.2400,0.2620,USD,USD,USD
sv,RU,0.6500,0.2600,0.3900,150.00,0.6400,0.2496,USD,USD,USD
sv,CO,0.1900,0.0900,0.1000,111.11,2.4900,0.2490,USD,USD,USD
sv,SL,0.3500,0.1000,0.2500,250.00,0.9400,0.2350,USD,USD,USD
sv,GA,0.6500,0.2000,0.4500,225.00,0.5200,0.2340,USD,USD,USD
sv2,TG,0.2300,0.1100,0.1200,109.09,1.8000,0.2160,USD,USD,USD
nsd,BO,0.5600,0.5500,0.0100,1.82,21.5500,0.2155,USD,USD,USD
nsd,PA,0.3100,0.2500,0.0600,24.00,3.3300,0.1998,USD,USD,USD
sv2,MQ,0.2700,0.1300,0.1400,107.69,1.4200,0.1988,USD,USD,USD
nsd,ET,0.2500,0.2400,0.0100,4.17,19.2600,0.1926,USD,USD,USD
nsd,MX,0.2100,0.1900,0.0200,10.53,9.6100,0.1922,USD,USD,USD
sv,BJ,1.0800,0.8500,0.2300,27.06,0.8300,0.1909,USD,USD,USD
sv,CL,0.3300,0.2700,0.0600,22.22,3.1200,0.1872,USD,USD,USD
sv,PA,0.3700,0.2500,0.1200,48.00,1.5300,0.1836,USD,USD,USD
nsd,UZ,0.1700,0.1600,0.0100,6.25,16.4000,0.1640,USD,USD,USD
sv,MN,0.4900,0.4800,0.0100,2.08,16.1100,0.1611,USD,USD,USD
sv,TN,0.2400,0.1300,0.1100,84.62,1.4400,0.1584,USD,USD,USD
sv2,SA,0.1100,0.1000,0.0100,10.00,15.6200,0.1562,USD,USD,USD
nsd,TZ,0.1700,0.1500,0.0200,13.33,7.3400,0.1468,USD,USD,USD
nsd,BA,0.1900,0.1300,0.0600,46.15,2.4400,0.1464,USD,USD,USD
sv,CR,0.2900,0.1200,0.1700,141.67,0.8300,0.1411,USD,USD,USD
sv,HT,0.2300,0.1300,0.1000,76.92,1.3400,0.1340,USD,USD,USD
sv2,GQ,0.3700,0.1300,0.2400,184.62,0.5400,0.1296,USD,USD,USD
sv,HK,0.5000,0.4900,0.0100,2.04,12.5400,0.1254,USD,USD,USD
nsd,GQ,0.3800,0.1300,0.2500,192.31,0.5000,0.1250,USD,USD,USD
sv,CG,0.4900,0.4000,0.0900,22.50,1.0300,0.0927,USD,USD,USD
nsd,GE,0.1700,0.1400,0.0300,21.43,2.8600,0.0858,USD,USD,USD
nsd,PY,0.1700,0.1100,0.0600,54.55,1.3900,0.0834,USD,USD,USD
sv,GM,0.4100,0.3200,0.0900,28.12,0.8900,0.0801,USD,USD,USD
sv,PT,0.3300,0.3100,0.0200,6.45,3.9100,0.0782,USD,USD,USD
sv2,SL,0.1900,0.1000,0.0900,90.00,0.7900,0.0711,USD,USD,USD
nsd,ME,0.1900,0.1200,0.0700,58.33,0.9800,0.0686,USD,USD,USD
sv,AL,0.1700,0.0800,0.0900,112.50,0.7000,0.0630,USD,USD,USD
sv2,GA,0.2900,0.2000,0.0900,45.00,0.7000,0.0630,USD,USD,USD
nsd,BY,0.1200,0.1100,0.0100,9.09,5.1500,0.0515,USD,USD,USD
sv,TD,0.3200,0.2800,0.0400,14.29,1.2100,0.0484,USD,USD,USD
sv,GQ,0.3600,0.1300,0.2300,176.92,0.2100,0.0483,USD,USD,USD
sv2,BH,0.1100,0.1000,0.0100,10.00,4.7500,0.0475,USD,USD,USD
sv2,ME,0.1500,0.1200,0.0300,25.00,1.3500,0.0405,USD,USD,USD
sv,DO,0.1500,0.1300,0.0200,15.38,1.9800,0.0396,USD,USD,USD
nsd,HR,0.1600,0.1500,0.0100,6.67,3.8500,0.0385,USD,USD,USD
sv2,BJ,0.8600,0.8500,0.0100,1.18,3.3700,0.0337,USD,USD,USD
nsd,GT,0.1400,0.1300,0.0100,7.69,3.3600,0.0336,USD,USD,USD
sv2,BS,0.1100,0.0900,0.0200,22.22,1.4100,0.0282,USD,USD,USD
nsd,LS,0.2200,0.1500,0.0700,46.67,0.4000,0.0280,USD,USD,USD
sv2,HT,0.1500,0.1300,0.0200,15.38,1.3900,0.0278,USD,USD,USD
nsd,CR,0.1400,0.1200,0.0200,16.67,1.2200,0.0244,USD,USD,USD
sv,VE,0.1400,0.1300,0.0100,7.69,2.3900,0.0239,USD,USD,USD
nsd,RW,0.1800,0.1700,0.0100,5.88,2.2300,0.0223,USD,USD,USD
sv,BH,0.1200,0.1000,0.0200,20.00,1.1000,0.0220,USD,USD,USD
nsd,MG,0.2000,0.1900,0.0100,5.26,2.0400,0.0204,USD,USD,USD
sv2,BW,0.1100,0.0700,0.0400,57.14,0.5000,0.0200,USD,USD,USD
nsd,MV,0.1300,0.1000,0.0300,30.00,0.6400,0.0192,USD,USD,USD
nsd,SZ,0.1200,0.0900,0.0300,33.33,0.3400,0.0102,USD,USD,USD
sv,ME,0.1400,0.1200,0.0200,16.67,0.2700,0.0054,USD,USD,USD
sv,LS,0.2500,0.1500,0.1000,66.67,0.0500,0.0050,USD,USD,USD
sv,CU,0.1100,0.0800,0.0300,37.50,0.1500,0.0045,USD,USD,USD
sv2,CU,0.0900,0.0800,0.0100,12.50,0.4400,0.0044,USD,USD,USD
nsd,WF,0.2100,0.1300,0.0800,61.54,0.0300,0.0024,USD,USD,USD
sv,SZ,0.1100,0.0900,0.0200,22.22,0.0400,0.0008,USD,USD,USD
sv,AX,0.1100,0.0600,0.0500,83.33,0.0100,0.0005,USD,USD,USD
nsd,NR,0.1500,0.1200,0.0300,25.00,0.0100,0.0003,USD,USD,USD
sv2,QA,0.1400,0.1400,0.0000,0.00,8.1600,0.0000,USD,USD,USD
sv2,DO,0.1300,0.1300,0.0000,0.00,4.6400,0.0000,USD,USD,USD
sv2,AF,0.1400,0.1400,0.0000,0.00,3.2600,0.0000,USD,USD,USD
nsd,SV,0.1300,0.1300,0.0000,0.00,1.6000,0.0000,USD,USD,USD
sv,AO,0.1300,0.1300,0.0000,0.00,0.2800,0.0000,USD,USD,USD
nsd,AX,0.0400,0.0600,-0.0200,-33.33,0.0000,-0.0000,USD,USD,USD
nsd,CK,0.1000,0.1000,0.0000,0.00,0.0200,0.0000,USD,USD,USD
nsd,DZ,0.1500,0.1500,0.0000,0.00,82.3100,0.0000,USD,USD,USD
nsd,EC,0.3500,0.3500,0.0000,0.00,7.3400,0.0000,USD,USD,USD
nsd,ER,0.1100,0.0800,0.0300,37.50,0.0000,0.0000,USD,USD,USD
nsd,FK,0.1600,0.0800,0.0800,100.00,0.0000,0.0000,USD,USD,USD
nsd,IO,0.0400,0.1100,-0.0700,-63.64,0.0000,-0.0000,USD,USD,USD
nsd,LI,0.0500,0.1600,-0.1100,-68.75,0.0000,-0.0000,USD,USD,USD
nsd,MF,0.0300,0.1100,-0.0800,-72.73,0.0000,-0.0000,USD,USD,USD
nsd,MP,0.0200,0.1000,-0.0800,-80.00,0.0000,-0.0000,USD,USD,USD
nsd,MS,0.1000,0.0700,0.0300,42.86,0.0000,0.0000,USD,USD,USD
nsd,NU,0.0800,0.1300,-0.0500,-38.46,0.0000,-0.0000,USD,USD,USD
nsd,PM,0.0400,0.1300,-0.0900,-69.23,0.0000,-0.0000,USD,USD,USD
nsd,SH,0.0100,0.1100,-0.1000,-90.91,0.0000,-0.0000,USD,USD,USD
nsd,SJ,0.0300,0.1600,-0.1300,-81.25,0.0000,-0.0000,USD,USD,USD
nsd,TK,0.0200,0.0700,-0.0500,-71.43,0.0000,-0.0000,USD,USD,USD
nsd,TM,0.0300,0.1300,-0.1000,-76.92,0.0000,-0.0000,USD,USD,USD
nsd,VG,0.0400,0.1100,-0.0700,-63.64,0.0000,-0.0000,USD,USD,USD
sv2,AI,0.0300,0.0800,-0.0500,-62.50,0.0000,-0.0000,USD,USD,USD
sv2,AX,0.0300,0.0600,-0.0300,-50.00,0.0000,-0.0000,USD,USD,USD
sv2,BL,0.0200,0.1300,-0.1100,-84.62,0.0000,-0.0000,USD,USD,USD
sv2,ER,0.0000,0.0800,-0.0800,-100.00,0.0000,-0.0000,USD,USD,USD
sv2,FK,0.0200,0.0800,-0.0600,-75.00,0.0000,-0.0000,USD,USD,USD
sv2,GL,0.0300,0.1300,-0.1000,-76.92,0.0000,-0.0000,USD,USD,USD
sv2,HR,0.1500,0.1500,0.0000,0.00,6.9900,0.0000,USD,USD,USD
sv2,ID,0.3300,0.3300,0.0000,0.00,134.0100,0.0000,USD,USD,USD
sv2,IN,0.1000,0.1000,0.0000,0.00,890.1200,0.0000,USD,USD,USD
sv2,IO,0.0300,0.1100,-0.0800,-72.73,0.0000,-0.0000,USD,USD,USD
sv2,KI,0.0400,0.1000,-0.0600,-60.00,0.0000,-0.0000,USD,USD,USD
sv2,MF,0.0300,0.1100,-0.0800,-72.73,0.0000,-0.0000,USD,USD,USD
sv2,MH,0.0300,0.1100,-0.0800,-72.73,0.0000,-0.0000,USD,USD,USD
sv2,MP,0.0200,0.1000,-0.0800,-80.00,0.0000,-0.0000,USD,USD,USD
sv2,MS,0.0100,0.0700,-0.0600,-85.71,0.0000,-0.0000,USD,USD,USD
sv2,NR,0.0300,0.1200,-0.0900,-75.00,0.0000,-0.0000,USD,USD,USD
sv2,NU,0.1000,0.1300,-0.0300,-23.08,0.0000,-0.0000,USD,USD,USD
sv2,PM,0.0300,0.1300,-0.1000,-76.92,0.0000,-0.0000,USD,USD,USD
sv2,PW,0.0200,0.1200,-0.1000,-83.33,0.0000,-0.0000,USD,USD,USD
sv2,SH,0.0300,0.1100,-0.0800,-72.73,0.0000,-0.0000,USD,USD,USD
sv2,SJ,0.0300,0.1600,-0.1300,-81.25,0.0000,-0.0000,USD,USD,USD
sv2,SM,0.0200,0.1400,-0.1200,-85.71,0.0000,-0.0000,USD,USD,USD
sv2,TK,0.0000,0.0700,-0.0700,-100.00,0.0000,-0.0000,USD,USD,USD
sv2,TM,0.0600,0.1300,-0.0700,-53.85,0.0000,-0.0000,USD,USD,USD
sv2,TV,0.0200,0.0800,-0.0600,-75.00,0.0000,-0.0000,USD,USD,USD
sv2,VN,0.1700,0.1700,0.0000,0.00,39.3200,0.0000,USD,USD,USD
sv2,WF,0.0800,0.1300,-0.0500,-38.46,0.0000,-0.0000,USD,USD,USD
sv,AI,0.0300,0.0800,-0.0500,-62.50,0.0000,-0.0000,USD,USD,USD
sv,BL,0.0200,0.1300,-0.1100,-84.62,0.0000,-0.0000,USD,USD,USD
sv,BY,0.1100,0.1100,0.0000,0.00,1.0900,0.0000,USD,USD,USD
sv,CK,0.0400,0.1000,-0.0600,-60.00,0.0000,-0.0000,USD,USD,USD
sv,ER,0.1200,0.0800,0.0400,50.00,0.0000,0.0000,USD,USD,USD
sv,FK,0.0500,0.0800,-0.0300,-37.50,0.0000,-0.0000,USD,USD,USD
sv,GL,0.1200,0.1300,-0.0100,-7.69,0.0000,-0.0000,USD,USD,USD
sv,IO,0.0300,0.1100,-0.0800,-72.73,0.0000,-0.0000,USD,USD,USD
sv,IR,0.1600,0.1600,0.0000,0.00,0.5600,0.0000,USD,USD,USD
sv,JM,0.0800,0.0800,0.0000,0.00,0.3300,0.0000,USD,USD,USD
sv,KI,0.0500,0.1000,-0.0500,-50.00,0.0000,-0.0000,USD,USD,USD
sv,LI,0.0500,0.1600,-0.1100,-68.75,0.0000,-0.0000,USD,USD,USD
sv,MC,0.0600,0.1200,-0.0600,-50.00,0.0000,-0.0000,USD,USD,USD
sv,MF,0.0400,0.1100,-0.0700,-63.64,0.0000,-0.0000,USD,USD,USD
sv,MH,0.0400,0.1100,-0.0700,-63.64,0.0000,-0.0000,USD,USD,USD
sv,MP,0.0500,0.1000,-0.0500,-50.00,0.0000,-0.0000,USD,USD,USD
sv,MS,0.0100,0.0700,-0.0600,-85.71,0.0000,-0.0000,USD,USD,USD
sv,MV,0.1000,0.1000,0.0000,0.00,0.1600,0.0000,USD,USD,USD
sv,NR,0.0400,0.1200,-0.0800,-66.67,0.0000,-0.0000,USD,USD,USD
sv,NU,0.0800,0.1300,-0.0500,-38.46,0.0000,-0.0000,USD,USD,USD
sv,PM,0.0500,0.1300,-0.0800,-61.54,0.0000,-0.0000,USD,USD,USD
sv,PW,0.0500,0.1200,-0.0700,-58.33,0.0000,-0.0000,USD,USD,USD
sv,PY,0.1100,0.1100,0.0000,0.00,0.2600,0.0000,USD,USD,USD
sv,SJ,0.0000,0.1600,-0.1600,-100.00,0.0000,-0.0000,USD,USD,USD
sv,SM,0.0500,0.1400,-0.0900,-64.29,0.0000,-0.0000,USD,USD,USD
sv,TK,0.0000,0.0700,-0.0700,-100.00,0.0000,-0.0000,USD,USD,USD
sv,TM,0.0500,0.1300,-0.0800,-61.54,0.0000,-0.0000,USD,USD,USD
sv,TV,0.0200,0.0800,-0.0600,-75.00,0.0000,-0.0000,USD,USD,USD
sv,VC,0.0300,0.1000,-0.0700,-70.00,0.0000,-0.0000,USD,USD,USD
sv,VG,0.0400,0.1100,-0.0700,-63.64,0.0000,-0.0000,USD,USD,USD
sv,VI,0.0200,0.1000,-0.0800,-80.00,0.0000,-0.0000,USD,USD,USD
sv,WF,0.0600,0.1300,-0.0700,-53.85,0.0000,-0.0000,USD,USD,USD
sv,MD,0.1200,0.1200,-0.0000,-0.00,0.3900,-0.0000,USD,USD,USD
sv2,BB,0.0900,0.0900,-0.0000,-0.00,0.8800,-0.0000,USD,USD,USD
sv2,GY,0.0900,0.0900,-0.0000,-0.00,1.0300,-0.0000,USD,USD,USD
nsd,MD,0.1200,0.1200,-0.0000,-0.00,1.4300,-0.0000,USD,USD,USD
sv,SD,0.0900,0.0900,-0.0000,-0.00,1.8200,-0.0000,USD,USD,USD
nsd,CO,0.0900,0.0900,-0.0000,-0.00,1.8500,-0.0000,USD,USD,USD
nsd,AM,0.1200,0.1200,-0.0000,-0.00,2.3800,-0.0000,USD,USD,USD
nsd,BQ,0.0800,0.1000,-0.0200,-20.00,0.0100,-0.0002,USD,USD,USD
nsd,TV,0.0600,0.0800,-0.0200,-25.00,0.0100,-0.0002,USD,USD,USD
nsd,GI,0.0900,0.1200,-0.0300,-25.00,0.0100,-0.0003,USD,USD,USD
nsd,MH,0.0700,0.1100,-0.0400,-36.36,0.0100,-0.0004,USD,USD,USD
sv,ST,0.0500,0.0900,-0.0400,-44.44,0.0100,-0.0004,USD,USD,USD
nsd,AI,0.0300,0.0800,-0.0500,-62.50,0.0100,-0.0005,USD,USD,USD
nsd,VI,0.0500,0.1000,-0.0500,-50.00,0.0100,-0.0005,USD,USD,USD
sv,AS,0.0700,0.1200,-0.0500,-41.67,0.0100,-0.0005,USD,USD,USD
sv,BQ,0.0500,0.1000,-0.0500,-50.00,0.0100,-0.0005,USD,USD,USD
sv,DM,0.0300,0.0800,-0.0500,-62.50,0.0100,-0.0005,USD,USD,USD
nsd,GL,0.0700,0.1300,-0.0600,-46.15,0.0100,-0.0006,USD,USD,USD
sv,BW,0.0600,0.0700,-0.0100,-14.29,0.0600,-0.0006,USD,USD,USD
sv,AD,0.0500,0.1100,-0.0600,-54.55,0.0100,-0.0006,USD,USD,USD
nsd,KY,0.0400,0.1000,-0.0600,-60.00,0.0100,-0.0006,USD,USD,USD
nsd,TC,0.0400,0.1000,-0.0600,-60.00,0.0100,-0.0006,USD,USD,USD
sv,VU,0.0400,0.1000,-0.0600,-60.00,0.0100,-0.0006,USD,USD,USD
nsd,PW,0.0600,0.1200,-0.0600,-50.00,0.0100,-0.0006,USD,USD,USD
sv,BB,0.0300,0.0900,-0.0600,-66.67,0.0100,-0.0006,USD,USD,USD
nsd,SM,0.0700,0.1400,-0.0700,-50.00,0.0100,-0.0007,USD,USD,USD
nsd,AG,0.0300,0.1000,-0.0700,-70.00,0.0100,-0.0007,USD,USD,USD
nsd,AS,0.0500,0.1200,-0.0700,-58.33,0.0100,-0.0007,USD,USD,USD
nsd,AW,0.0300,0.1000,-0.0700,-70.00,0.0100,-0.0007,USD,USD,USD
nsd,FO,0.0400,0.1100,-0.0700,-63.64,0.0100,-0.0007,USD,USD,USD
nsd,MC,0.0500,0.1200,-0.0700,-58.33,0.0100,-0.0007,USD,USD,USD
nsd,SX,0.0300,0.1000,-0.0700,-70.00,0.0100,-0.0007,USD,USD,USD
sv2,ST,0.0200,0.0900,-0.0700,-77.78,0.0100,-0.0007,USD,USD,USD
sv,AG,0.0300,0.1000,-0.0700,-70.00,0.0100,-0.0007,USD,USD,USD
sv,BM,0.0300,0.1000,-0.0700,-70.00,0.0100,-0.0007,USD,USD,USD
sv,FM,0.0400,0.1100,-0.0700,-63.64,0.0100,-0.0007,USD,USD,USD
sv,FO,0.0400,0.1100,-0.0700,-63.64,0.0100,-0.0007,USD,USD,USD
sv,KN,0.0300,0.1000,-0.0700,-70.00,0.0100,-0.0007,USD,USD,USD
sv,LC,0.0300,0.1000,-0.0700,-70.00,0.0100,-0.0007,USD,USD,USD
sv,SB,0.0300,0.1000,-0.0700,-70.00,0.0100,-0.0007,USD,USD,USD
sv,SX,0.0300,0.1000,-0.0700,-70.00,0.0100,-0.0007,USD,USD,USD
sv,TC,0.0300,0.1000,-0.0700,-70.00,0.0100,-0.0007,USD,USD,USD
nsd,BM,0.0200,0.1000,-0.0800,-80.00,0.0100,-0.0008,USD,USD,USD
nsd,DM,0.0400,0.0800,-0.0400,-50.00,0.0200,-0.0008,USD,USD,USD
sv2,BQ,0.0200,0.1000,-0.0800,-80.00,0.0100,-0.0008,USD,USD,USD
sv2,FO,0.0300,0.1100,-0.0800,-72.73,0.0100,-0.0008,USD,USD,USD
sv2,SX,0.0200,0.1000,-0.0800,-80.00,0.0100,-0.0008,USD,USD,USD
sv2,TO,0.0200,0.1000,-0.0800,-80.00,0.0100,-0.0008,USD,USD,USD
sv2,VG,0.0300,0.1100,-0.0800,-72.73,0.0100,-0.0008,USD,USD,USD
sv,GD,0.0200,0.1000,-0.0800,-80.00,0.0100,-0.0008,USD,USD,USD
sv,TO,0.0200,0.1000,-0.0800,-80.00,0.0100,-0.0008,USD,USD,USD
nsd,KI,0.0600,0.1000,-0.0400,-40.00,0.0200,-0.0008,USD,USD,USD
sv,GI,0.0400,0.1200,-0.0800,-66.67,0.0100,-0.0008,USD,USD,USD
sv,GG,0.0400,0.1300,-0.0900,-69.23,0.0100,-0.0009,USD,USD,USD
sv2,FM,0.0200,0.1100,-0.0900,-81.82,0.0100,-0.0009,USD,USD,USD
nsd,IM,0.0300,0.1200,-0.0900,-75.00,0.0100,-0.0009,USD,USD,USD
sv2,CK,0.0500,0.1000,-0.0500,-50.00,0.0200,-0.0010,USD,USD,USD
sv2,GI,0.0200,0.1200,-0.1000,-83.33,0.0100,-0.0010,USD,USD,USD
sv,CW,0.0500,0.1000,-0.0500,-50.00,0.0200,-0.0010,USD,USD,USD
sv,KY,0.0500,0.1000,-0.0500,-50.00,0.0200,-0.0010,USD,USD,USD
sv,YT,0.0200,0.1200,-0.1000,-83.33,0.0100,-0.0010,USD,USD,USD
sv,BS,0.0400,0.0900,-0.0500,-55.56,0.0200,-0.0010,USD,USD,USD
nsd,FM,0.0500,0.1100,-0.0600,-54.55,0.0200,-0.0012,USD,USD,USD
nsd,KN,0.0400,0.1000,-0.0600,-60.00,0.0200,-0.0012,USD,USD,USD
nsd,ST,0.0500,0.0900,-0.0400,-44.44,0.0300,-0.0012,USD,USD,USD
sv,AW,0.0400,0.1000,-0.0600,-60.00,0.0200,-0.0012,USD,USD,USD
nsd,AD,0.0400,0.1100,-0.0700,-63.64,0.0200,-0.0014,USD,USD,USD
sv2,VU,0.0300,0.1000,-0.0700,-70.00,0.0200,-0.0014,USD,USD,USD
nsd,GD,0.0500,0.1000,-0.0500,-50.00,0.0300,-0.0015,USD,USD,USD
nsd,BB,0.0600,0.0900,-0.0300,-33.33,0.0500,-0.0015,USD,USD,USD
sv2,BM,0.0200,0.1000,-0.0800,-80.00,0.0200,-0.0016,USD,USD,USD
sv2,SB,0.0200,0.1000,-0.0800,-80.00,0.0200,-0.0016,USD,USD,USD
sv2,VI,0.0200,0.1000,-0.0800,-80.00,0.0200,-0.0016,USD,USD,USD
nsd,JE,0.0400,0.1200,-0.0800,-66.67,0.0200,-0.0016,USD,USD,USD
sv2,MC,0.0400,0.1200,-0.0800,-66.67,0.0200,-0.0016,USD,USD,USD
sv,IM,0.0400,0.1200,-0.0800,-66.67,0.0200,-0.0016,USD,USD,USD
sv,JE,0.0400,0.1200,-0.0800,-66.67,0.0200,-0.0016,USD,USD,USD
sv,PG,0.1000,0.1300,-0.0300,-23.08,0.0600,-0.0018,USD,USD,USD
sv,GF,0.0400,0.1300,-0.0900,-69.23,0.0200,-0.0018,USD,USD,USD
nsd,LC,0.0400,0.1000,-0.0600,-60.00,0.0300,-0.0018,USD,USD,USD
sv2,IM,0.0300,0.1200,-0.0900,-75.00,0.0200,-0.0018,USD,USD,USD
sv2,TC,0.0100,0.1000,-0.0900,-90.00,0.0200,-0.0018,USD,USD,USD
sv2,WS,0.0400,0.1000,-0.0600,-60.00,0.0300,-0.0018,USD,USD,USD
sv,GU,0.0400,0.1000,-0.0600,-60.00,0.0300,-0.0018,USD,USD,USD
sv,KM,0.0400,0.1000,-0.0600,-60.00,0.0300,-0.0018,USD,USD,USD
sv,WS,0.0400,0.1000,-0.0600,-60.00,0.0300,-0.0018,USD,USD,USD
nsd,BS,0.0300,0.0900,-0.0600,-66.67,0.0300,-0.0018,USD,USD,USD
sv,BN,0.1100,0.1200,-0.0100,-8.33,0.1800,-0.0018,USD,USD,USD
sv,TT,0.0800,0.0900,-0.0100,-11.11,0.1900,-0.0019,USD,USD,USD
nsd,GG,0.0300,0.1300,-0.1000,-76.92,0.0200,-0.0020,USD,USD,USD
sv2,LI,0.0600,0.1600,-0.1000,-62.50,0.0200,-0.0020,USD,USD,USD
sv,BZ,0.0400,0.0900,-0.0500,-55.56,0.0400,-0.0020,USD,USD,USD
sv,FJ,0.0700,0.0900,-0.0200,-22.22,0.1000,-0.0020,USD,USD,USD
nsd,GU,0.0300,0.1000,-0.0700,-70.00,0.0300,-0.0021,USD,USD,USD
nsd,TO,0.0300,0.1000,-0.0700,-70.00,0.0300,-0.0021,USD,USD,USD
nsd,VC,0.0300,0.1000,-0.0700,-70.00,0.0300,-0.0021,USD,USD,USD
sv2,DM,0.0500,0.0800,-0.0300,-37.50,0.0700,-0.0021,USD,USD,USD
sv2,KY,0.0300,0.1000,-0.0700,-70.00,0.0300,-0.0021,USD,USD,USD
sv,BT,0.0200,0.0900,-0.0700,-77.78,0.0300,-0.0021,USD,USD,USD
sv,SC,0.0500,0.1200,-0.0700,-58.33,0.0300,-0.0021,USD,USD,USD
sv2,GG,0.0200,0.1300,-0.1100,-84.62,0.0200,-0.0022,USD,USD,USD
sv2,AD,0.0700,0.1100,-0.0400,-36.36,0.0600,-0.0024,USD,USD,USD
nsd,CW,0.0400,0.1000,-0.0600,-60.00,0.0400,-0.0024,USD,USD,USD
nsd,VU,0.0400,0.1000,-0.0600,-60.00,0.0400,-0.0024,USD,USD,USD
sv2,KM,0.0400,0.1000,-0.0600,-60.00,0.0400,-0.0024,USD,USD,USD
sv2,KN,0.0600,0.1000,-0.0400,-40.00,0.0600,-0.0024,USD,USD,USD
sv,CV,0.0400,0.1000,-0.0600,-60.00,0.0400,-0.0024,USD,USD,USD
sv,GW,0.0400,0.1000,-0.0600,-60.00,0.0400,-0.0024,USD,USD,USD
nsd,CU,0.0500,0.0800,-0.0300,-37.50,0.0900,-0.0027,USD,USD,USD
sv2,JE,0.0300,0.1200,-0.0900,-75.00,0.0300,-0.0027,USD,USD,USD
sv2,UY,0.1000,0.1100,-0.0100,-9.09,0.3000,-0.0030,USD,USD,USD
sv,SS,0.0400,0.0700,-0.0300,-42.86,0.1000,-0.0030,USD,USD,USD
sv2,SC,0.0200,0.1200,-0.1000,-83.33,0.0300,-0.0030,USD,USD,USD
sv,NC,0.0500,0.1000,-0.0500,-50.00,0.0600,-0.0030,USD,USD,USD
sv2,AW,0.0400,0.1000,-0.0600,-60.00,0.0500,-0.0030,USD,USD,USD
sv2,NC,0.0400,0.1000,-0.0600,-60.00,0.0500,-0.0030,USD,USD,USD
sv2,SZ,0.0500,0.0900,-0.0400,-44.44,0.0800,-0.0032,USD,USD,USD
sv2,SS,0.0200,0.0700,-0.0500,-71.43,0.0700,-0.0035,USD,USD,USD
nsd,NC,0.0500,0.1000,-0.0500,-50.00,0.0700,-0.0035,USD,USD,USD
sv2,AG,0.0300,0.1000,-0.0700,-70.00,0.0500,-0.0035,USD,USD,USD
sv2,CW,0.0300,0.1000,-0.0700,-70.00,0.0500,-0.0035,USD,USD,USD
sv,GY,0.0400,0.0900,-0.0500,-55.56,0.0700,-0.0035,USD,USD,USD
sv,MQ,0.0400,0.1300,-0.0900,-69.23,0.0400,-0.0036,USD,USD,USD
nsd,SB,0.0400,0.1000,-0.0600,-60.00,0.0600,-0.0036,USD,USD,USD
sv2,GW,0.0400,0.1000,-0.0600,-60.00,0.0600,-0.0036,USD,USD,USD
sv,MK,0.0600,0.1000,-0.0400,-40.00,0.0900,-0.0036,USD,USD,USD
sv,PS,0.0700,0.0800,-0.0100,-12.50,0.3800,-0.0038,USD,USD,USD
sv2,YT,0.0400,0.1200,-0.0800,-66.67,0.0500,-0.0040,USD,USD,USD
nsd,YT,0.0500,0.1200,-0.0700,-58.33,0.0600,-0.0042,USD,USD,USD
sv2,BT,0.0300,0.0900,-0.0600,-66.67,0.0700,-0.0042,USD,USD,USD
sv,MU,0.0600,0.1000,-0.0400,-40.00,0.1200,-0.0048,USD,USD,USD
nsd,SC,0.0600,0.1200,-0.0600,-50.00,0.0800,-0.0048,USD,USD,USD
sv,SR,0.0500,0.0900,-0.0400,-44.44,0.1300,-0.0052,USD,USD,USD
nsd,KM,0.0400,0.1000,-0.0600,-60.00,0.0900,-0.0054,USD,USD,USD
sv2,AS,0.0300,0.1200,-0.0900,-75.00,0.0600,-0.0054,USD,USD,USD
sv2,VC,0.0800,0.1000,-0.0200,-20.00,0.2700,-0.0054,USD,USD,USD
nsd,MU,0.0900,0.1000,-0.0100,-10.00,0.5400,-0.0054,USD,USD,USD
nsd,WS,0.0500,0.1000,-0.0500,-50.00,0.1100,-0.0055,USD,USD,USD
nsd,BZ,0.0400,0.0900,-0.0500,-55.56,0.1100,-0.0055,USD,USD,USD
sv,TL,0.0400,0.0900,-0.0500,-55.56,0.1100,-0.0055,USD,USD,USD
nsd,GF,0.0600,0.1300,-0.0700,-53.85,0.0800,-0.0056,USD,USD,USD
sv2,GF,0.0600,0.1300,-0.0700,-53.85,0.0800,-0.0056,USD,USD,USD
nsd,GW,0.0800,0.1000,-0.0200,-20.00,0.2800,-0.0056,USD,USD,USD
nsd,UY,0.0900,0.1100,-0.0200,-18.18,0.2800,-0.0056,USD,USD,USD
sv,MG,0.1700,0.1900,-0.0200,-10.53,0.2900,-0.0058,USD,USD,USD
nsd,AL,0.0700,0.0800,-0.0100,-12.50,0.6100,-0.0061,USD,USD,USD
sv2,PG,0.0500,0.1300,-0.0800,-61.54,0.0800,-0.0064,USD,USD,USD
sv,PF,0.0500,0.1300,-0.0800,-61.54,0.0800,-0.0064,USD,USD,USD
nsd,CV,0.0800,0.1000,-0.0200,-20.00,0.3200,-0.0064,USD,USD,USD
nsd,GY,0.0600,0.0900,-0.0300,-33.33,0.2300,-0.0069,USD,USD,USD
nsd,PF,0.0400,0.1300,-0.0900,-69.23,0.0800,-0.0072,USD,USD,USD
sv2,PF,0.0400,0.1300,-0.0900,-69.23,0.0800,-0.0072,USD,USD,USD
sv2,LS,0.0600,0.1500,-0.0900,-60.00,0.0800,-0.0072,USD,USD,USD
sv,GP,0.0400,0.1600,-0.1200,-75.00,0.0600,-0.0072,USD,USD,USD
nsd,JM,0.0700,0.0800,-0.0100,-12.50,0.7500,-0.0075,USD,USD,USD
sv,NA,0.0800,0.2100,-0.1300,-61.90,0.0600,-0.0078,USD,USD,USD
sv2,GU,0.0200,0.1000,-0.0800,-80.00,0.1000,-0.0080,USD,USD,USD
sv,YE,0.0400,0.0800,-0.0400,-50.00,0.2000,-0.0080,USD,USD,USD
sv,BI,0.0500,0.1700,-0.1200,-70.59,0.0700,-0.0084,USD,USD,USD
sv,NI,0.0600,0.1000,-0.0400,-40.00,0.2100,-0.0084,USD,USD,USD
sv2,CV,0.0700,0.1000,-0.0300,-30.00,0.2900,-0.0087,USD,USD,USD
nsd,SS,0.0200,0.0700,-0.0500,-71.43,0.1800,-0.0090,USD,USD,USD
sv2,GD,0.0400,0.1000,-0.0600,-60.00,0.1500,-0.0090,USD,USD,USD
sv2,BZ,0.0800,0.0900,-0.0100,-11.11,0.9200,-0.0092,USD,USD,USD
sv2,LC,0.0500,0.1000,-0.0500,-50.00,0.1900,-0.0095,USD,USD,USD
sv,SV,0.0900,0.1300,-0.0400,-30.77,0.2400,-0.0096,USD,USD,USD
sv2,MV,0.0800,0.1000,-0.0200,-20.00,0.4900,-0.0098,USD,USD,USD
sv2,CR,0.1100,0.1200,-0.0100,-8.33,0.9900,-0.0099,USD,USD,USD
nsd,TT,0.0400,0.0900,-0.0500,-55.56,0.2000,-0.0100,USD,USD,USD
sv2,FJ,0.0500,0.0900,-0.0400,-44.44,0.2600,-0.0104,USD,USD,USD
sv,RW,0.1200,0.1700,-0.0500,-29.41,0.2100,-0.0105,USD,USD,USD
nsd,FJ,0.0400,0.0900,-0.0500,-55.56,0.2200,-0.0110,USD,USD,USD
nsd,BN,0.0800,0.1200,-0.0400,-33.33,0.2900,-0.0116,USD,USD,USD
sv2,BI,0.0400,0.1700,-0.1300,-76.47,0.0900,-0.0117,USD,USD,USD
nsd,SR,0.0400,0.0900,-0.0500,-55.56,0.2400,-0.0120,USD,USD,USD
sv,AM,0.1100,0.1200,-0.0100,-8.33,1.2200,-0.0122,USD,USD,USD
nsd,PG,0.1000,0.1300,-0.0300,-23.08,0.4100,-0.0123,USD,USD,USD
sv2,SR,0.0200,0.0900,-0.0700,-77.78,0.1800,-0.0126,USD,USD,USD
nsd,MQ,0.0900,0.1300,-0.0400,-30.77,0.3200,-0.0128,USD,USD,USD
sv2,PY,0.0800,0.1100,-0.0300,-27.27,0.4300,-0.0129,USD,USD,USD
nsd,BI,0.1600,0.1700,-0.0100,-5.88,1.2900,-0.0129,USD,USD,USD
sv,RE,0.0700,0.1700,-0.1000,-58.82,0.1300,-0.0130,USD,USD,USD
nsd,BT,0.0400,0.0900,-0.0500,-55.56,0.2700,-0.0135,USD,USD,USD
sv2,TL,0.0400,0.0900,-0.0500,-55.56,0.3200,-0.0160,USD,USD,USD
sv2,MU,0.0800,0.1000,-0.0200,-20.00,0.8400,-0.0168,USD,USD,USD
sv,NE,0.1500,0.2200,-0.0700,-31.82,0.2500,-0.0175,USD,USD,USD
sv,AF,0.0600,0.1400,-0.0800,-57.14,0.2300,-0.0184,USD,USD,USD
sv2,GP,0.0500,0.1600,-0.1100,-68.75,0.1700,-0.0187,USD,USD,USD
sv,MT,0.1000,0.1300,-0.0300,-23.08,0.6800,-0.0204,USD,USD,USD
sv2,BN,0.1000,0.1200,-0.0200,-16.67,1.1000,-0.0220,USD,USD,USD
sv2,MD,0.1000,0.1200,-0.0200,-16.67,1.1000,-0.0220,USD,USD,USD
sv,LR,0.0700,0.2400,-0.1700,-70.83,0.1300,-0.0221,USD,USD,USD
nsd,MK,0.0600,0.1000,-0.0400,-40.00,0.5600,-0.0224,USD,USD,USD
sv,CF,0.2700,0.5900,-0.3200,-54.24,0.0700,-0.0224,USD,USD,USD
sv2,PA,0.2400,0.2500,-0.0100,-4.00,2.2700,-0.0227,USD,USD,USD
nsd,AE,0.1300,0.1400,-0.0100,-7.14,2.3200,-0.0232,USD,USD,USD
sv,IS,0.3400,0.5200,-0.1800,-34.62,0.1300,-0.0234,USD,USD,USD
sv,GE,0.1100,0.1400,-0.0300,-21.43,0.8000,-0.0240,USD,USD,USD
nsd,AF,0.0400,0.1400,-0.1000,-71.43,0.2400,-0.0240,USD,USD,USD
nsd,TL,0.0400,0.0900,-0.0500,-55.56,0.5000,-0.0250,USD,USD,USD
sv2,LR,0.0300,0.2400,-0.2100,-87.50,0.1200,-0.0252,USD,USD,USD
sv,LU,0.1400,0.2500,-0.1100,-44.00,0.2300,-0.0253,USD,USD,USD
sv,IL,0.2000,0.2100,-0.0100,-4.76,2.5600,-0.0256,USD,USD,USD
nsd,YE,0.0500,0.0800,-0.0300,-37.50,0.8600,-0.0258,USD,USD,USD
nsd,QA,0.1300,0.1400,-0.0100,-7.14,2.7100,-0.0271,USD,USD,USD
sv,GT,0.0700,0.1300,-0.0600,-46.15,0.4600,-0.0276,USD,USD,USD
nsd,PS,0.0600,0.0800,-0.0200,-25.00,1.4100,-0.0282,USD,USD,USD
sv2,NI,0.0700,0.1000,-0.0300,-30.00,0.9600,-0.0288,USD,USD,USD
sv2,AL,0.0600,0.0800,-0.0200,-25.00,1.4600,-0.0292,USD,USD,USD
sv2,IR,0.1300,0.1600,-0.0300,-18.75,1.0400,-0.0312,USD,USD,USD
nsd,GP,0.0800,0.1600,-0.0800,-50.00,0.3900,-0.0312,USD,USD,USD
sv,HN,0.2200,0.2600,-0.0400,-15.38,0.7900,-0.0316,USD,USD,USD
sv,PR,0.1000,0.1400,-0.0400,-28.57,0.8000,-0.0320,USD,USD,USD
sv2,BA,0.1100,0.1300,-0.0200,-15.38,1.6300,-0.0326,USD,USD,USD
nsd,BH,0.0600,0.1000,-0.0400,-40.00,0.8300,-0.0332,USD,USD,USD
nsd,NA,0.1200,0.2100,-0.0900,-42.86,0.3800,-0.0342,USD,USD,USD
sv2,AM,0.0600,0.1200,-0.0600,-50.00,0.5900,-0.0354,USD,USD,USD
sv2,CF,0.1400,0.5900,-0.4500,-76.27,0.0800,-0.0360,USD,USD,USD
sv,EE,0.1400,0.3300,-0.1900,-57.58,0.1900,-0.0361,USD,USD,USD
nsd,IR,0.1100,0.1600,-0.0500,-31.25,0.7900,-0.0395,USD,USD,USD
nsd,OM,0.0900,0.1100,-0.0200,-18.18,2.0300,-0.0406,USD,USD,USD
sv2,MK,0.0500,0.1000,-0.0500,-50.00,0.8400,-0.0420,USD,USD,USD
sv2,SV,0.1000,0.1300,-0.0300,-23.08,1.4100,-0.0423,USD,USD,USD
sv2,TT,0.0300,0.0900,-0.0600,-66.67,0.7300,-0.0438,USD,USD,USD
sv2,NE,0.0700,0.2200,-0.1500,-68.18,0.3000,-0.0450,USD,USD,USD
sv2,MG,0.1200,0.1900,-0.0700,-36.84,0.6600,-0.0462,USD,USD,USD
sv2,AO,0.1100,0.1300,-0.0200,-15.38,2.3300,-0.0466,USD,USD,USD
sv2,NA,0.1100,0.2100,-0.1000,-47.62,0.4900,-0.0490,USD,USD,USD
sv,ZW,0.3800,0.5000,-0.1200,-24.00,0.4100,-0.0492,USD,USD,USD
nsd,RE,0.0800,0.1700,-0.0900,-52.94,0.5600,-0.0504,USD,USD,USD
sv,MO,0.1700,0.9400,-0.7700,-81.91,0.0700,-0.0539,USD,USD,USD
nsd,IS,0.3500,0.5200,-0.1700,-32.69,0.3200,-0.0544,USD,USD,USD
sv2,RE,0.0700,0.1700,-0.1000,-58.82,0.5500,-0.0550,USD,USD,USD
sv,MW,0.1200,0.6700,-0.5500,-82.09,0.1000,-0.0550,USD,USD,USD
sv,PE,0.1700,0.2500,-0.0800,-32.00,0.6900,-0.0552,USD,USD,USD
sv2,JM,0.0400,0.0800,-0.0400,-50.00,1.4000,-0.0560,USD,USD,USD
nsd,MT,0.0500,0.1300,-0.0800,-61.54,0.7500,-0.0600,USD,USD,USD
nsd,CF,0.2800,0.5900,-0.3100,-52.54,0.2100,-0.0651,USD,USD,USD
nsd,PR,0.0600,0.1400,-0.0800,-57.14,0.8300,-0.0664,USD,USD,USD
nsd,NI,0.0600,0.1000,-0.0400,-40.00,1.6900,-0.0676,USD,USD,USD
sv2,MT,0.0500,0.1300,-0.0800,-61.54,0.8500,-0.0680,USD,USD,USD
sv,LA,0.0800,0.1100,-0.0300,-27.27,2.3000,-0.0690,USD,USD,USD
nsd,LU,0.0800,0.2500,-0.1700,-68.00,0.4400,-0.0748,USD,USD,USD
sv2,RW,0.0800,0.1700,-0.0900,-52.94,0.8400,-0.0756,USD,USD,USD
nsd,NE,0.0700,0.2200,-0.1500,-68.18,0.5200,-0.0780,USD,USD,USD
nsd,CG,0.3800,0.4000,-0.0200,-5.00,4.0700,-0.0814,USD,USD,USD
sv,EC,0.2500,0.3500,-0.1000,-28.57,0.8400,-0.0840,USD,USD,USD
sv,SK,0.1300,0.3400,-0.2100,-61.76,0.4100,-0.0861,USD,USD,USD
sv2,BY,0.0800,0.1100,-0.0300,-27.27,2.9200,-0.0876,USD,USD,USD
nsd,IL,0.2000,0.2100,-0.0100,-4.76,8.8000,-0.0880,USD,USD,USD
sv2,YE,0.0300,0.0800,-0.0500,-62.50,1.7800,-0.0890,USD,USD,USD
nsd,EE,0.1400,0.3300,-0.1900,-57.58,0.4900,-0.0931,USD,USD,USD
sv,SI,0.2300,0.4000,-0.1700,-42.50,0.5500,-0.0935,USD,USD,USD
sv2,GM,0.2200,0.3200,-0.1000,-31.25,1.0600,-0.1060,USD,USD,USD
sv,IE,0.3200,0.4000,-0.0800,-20.00,1.3300,-0.1064,USD,USD,USD
sv2,TD,0.1200,0.2800,-0.1600,-57.14,0.6900,-0.1104,USD,USD,USD
nsd,GM,0.2800,0.3200,-0.0400,-12.50,2.8400,-0.1136,USD,USD,USD
sv,ET,0.1700,0.2400,-0.0700,-29.17,1.6500,-0.1155,USD,USD,USD
sv2,PR,0.0600,0.1400,-0.0800,-57.14,1.4800,-0.1184,USD,USD,USD
sv,BG,0.3100,0.3400,-0.0300,-8.82,4.0900,-0.1227,USD,USD,USD
sv,SN,0.0900,0.1000,-0.0100,-10.00,12.3300,-0.1233,USD,USD,USD
nsd,LR,0.1200,0.2400,-0.1200,-50.00,1.0300,-0.1236,USD,USD,USD
sv2,PS,0.0300,0.0800,-0.0500,-62.50,2.5000,-0.1250,USD,USD,USD
sv2,SD,0.0500,0.0900,-0.0400,-44.44,3.1300,-0.1252,USD,USD,USD
sv2,LB,0.1000,0.1200,-0.0200,-16.67,6.4300,-0.1286,USD,USD,USD
sv2,LU,0.1100,0.2500,-0.1400,-56.00,0.9200,-0.1288,USD,USD,USD
sv2,GT,0.0900,0.1300,-0.0400,-30.77,3.3700,-0.1348,USD,USD,USD
sv,NO,0.3500,0.5800,-0.2300,-39.66,0.6400,-0.1472,USD,USD,USD
sv,LY,0.0600,0.0900,-0.0300,-33.33,4.9200,-0.1476,USD,USD,USD
sv2,OM,0.0900,0.1100,-0.0200,-18.18,7.5900,-0.1518,USD,USD,USD
sv,CY,0.2000,0.2700,-0.0700,-25.93,2.2000,-0.1540,USD,USD,USD
sv2,IS,0.2100,0.5200,-0.3100,-59.62,0.5100,-0.1581,USD,USD,USD
nsd,CL,0.2400,0.2700,-0.0300,-11.11,5.2700,-0.1581,USD,USD,USD
sv,LV,0.1900,0.7800,-0.5900,-75.64,0.2700,-0.1593,USD,USD,USD
nsd,LA,0.0800,0.1100,-0.0300,-27.27,5.3300,-0.1599,USD,USD,USD
sv2,LA,0.0800,0.1100,-0.0300,-27.27,5.5300,-0.1659,USD,USD,USD
sv,CZ,0.3400,0.4000,-0.0600,-15.00,3.2300,-0.1938,USD,USD,USD
sv2,SN,0.0700,0.1000,-0.0300,-30.00,6.4700,-0.1941,USD,USD,USD
sv2,CG,0.3000,0.4000,-0.1000,-25.00,1.9600,-0.1960,USD,USD,USD
nsd,SD,0.0600,0.0900,-0.0300,-33.33,6.5900,-0.1977,USD,USD,USD
sv,MZ,0.4900,0.8500,-0.3600,-42.35,0.5500,-0.1980,USD,USD,USD
nsd,TD,0.1100,0.2800,-0.1700,-60.71,1.3000,-0.2210,USD,USD,USD
sv,UZ,0.1000,0.1600,-0.0600,-37.50,3.8700,-0.2322,USD,USD,USD
nsd,MO,0.2500,0.9400,-0.6900,-73.40,0.3400,-0.2346,USD,USD,USD
nsd,PE,0.1600,0.2500,-0.0900,-36.00,2.6500,-0.2385,USD,USD,USD
sv2,SI,0.1700,0.4000,-0.2300,-57.50,1.0700,-0.2461,USD,USD,USD
nsd,SI,0.1900,0.4000,-0.2100,-52.50,1.1900,-0.2499,USD,USD,USD
sv2,TH,0.4200,0.4300,-0.0100,-2.33,25.2100,-0.2521,USD,USD,USD
sv2,HN,0.1800,0.2600,-0.0800,-30.77,3.1600,-0.2528,USD,USD,USD
nsd,SK,0.1200,0.3400,-0.2200,-64.71,1.1900,-0.2618,USD,USD,USD
nsd,VE,0.1100,0.1300,-0.0200,-15.38,13.7500,-0.2750,USD,USD,USD
nsd,LY,0.0400,0.0900,-0.0500,-55.56,5.7300,-0.2865,USD,USD,USD
nsd,HN,0.2100,0.2600,-0.0500,-19.23,6.1400,-0.3070,USD,USD,USD
sv,LT,0.3600,0.6800,-0.3200,-47.06,0.9900,-0.3168,USD,USD,USD
sv,SY,0.1200,0.2000,-0.0800,-40.00,3.9600,-0.3168,USD,USD,USD
sv,TH,0.3900,0.4300,-0.0400,-9.30,8.1400,-0.3256,USD,USD,USD
sv,PH,0.3100,0.3300,-0.0200,-6.06,16.6600,-0.3332,USD,USD,USD
sv,FI,0.3500,0.5200,-0.1700,-32.69,2.0900,-0.3553,USD,USD,USD
sv,ID,0.3100,0.3300,-0.0200,-6.06,17.9200,-0.3584,USD,USD,USD
sv2,CL,0.2300,0.2700,-0.0400,-14.81,9.0500,-0.3620,USD,USD,USD
nsd,SY,0.0500,0.2000,-0.1500,-75.00,2.5600,-0.3840,USD,USD,USD
sv,ES,0.2600,0.3000,-0.0400,-13.33,9.8300,-0.3932,USD,USD,USD
nsd,MW,0.6000,0.6700,-0.0700,-10.45,6.1100,-0.4277,USD,USD,USD
sv2,LY,0.0400,0.0900,-0.0500,-55.56,8.5900,-0.4295,USD,USD,USD
sv,NZ,0.3700,0.7100,-0.3400,-47.89,1.2800,-0.4352,USD,USD,USD
sv,GR,0.3200,0.4400,-0.1200,-27.27,3.6700,-0.4404,USD,USD,USD
sv2,TN,0.0900,0.1300,-0.0400,-30.77,11.2200,-0.4488,USD,USD,USD
sv,HU,0.2500,0.4700,-0.2200,-46.81,2.1500,-0.4730,USD,USD,USD
nsd,CY,0.1300,0.2700,-0.1400,-51.85,3.4100,-0.4774,USD,USD,USD
nsd,SN,0.0700,0.1000,-0.0300,-30.00,16.1900,-0.4857,USD,USD,USD
sv2,SY,0.0500,0.2000,-0.1500,-75.00,3.3100,-0.4965,USD,USD,USD
sv,BE,0.2400,0.5000,-0.2600,-52.00,2.1100,-0.5486,USD,USD,USD
sv2,SK,0.1200,0.3400,-0.2200,-64.71,2.5300,-0.5566,USD,USD,USD
sv,KH,0.1500,0.2100,-0.0600,-28.57,9.3100,-0.5586,USD,USD,USD
nsd,HK,0.2800,0.4900,-0.2100,-42.86,2.6700,-0.5607,USD,USD,USD
nsd,NO,0.3500,0.5800,-0.2300,-39.66,2.4400,-0.5612,USD,USD,USD
sv2,ZW,0.2000,0.5000,-0.3000,-60.00,1.8800,-0.5640,USD,USD,USD
nsd,PT,0.2500,0.3100,-0.0600,-19.35,9.5700,-0.5742,USD,USD,USD
sv2,CY,0.1300,0.2700,-0.1400,-51.85,4.2000,-0.5880,USD,USD,USD
sv2,MZ,0.5100,0.8500,-0.3400,-40.00,1.7400,-0.5916,USD,USD,USD
sv,TR,0.1200,0.1500,-0.0300,-20.00,19.8700,-0.5961,USD,USD,USD
sv2,ET,0.1400,0.2400,-0.1000,-41.67,6.1400,-0.6140,USD,USD,USD
sv,CM,0.4100,0.6800,-0.2700,-39.71,2.3700,-0.6399,USD,USD,USD
nsd,IE,0.1900,0.4000,-0.2100,-52.50,3.1300,-0.6573,USD,USD,USD
sv,CH,0.3000,0.5500,-0.2500,-45.45,2.6500,-0.6625,USD,USD,USD
sv,DK,0.3700,0.8400,-0.4700,-55.95,1.4200,-0.6674,USD,USD,USD
nsd,LV,0.2500,0.7800,-0.5300,-67.95,1.2600,-0.6678,USD,USD,USD
sv2,EE,0.1800,0.3300,-0.1500,-45.45,4.7800,-0.7170,USD,USD,USD
sv2,IL,0.1700,0.2100,-0.0400,-19.05,18.3400,-0.7336,USD,USD,USD
sv,KZ,0.2000,0.3600,-0.1600,-44.44,5.1400,-0.8224,USD,USD,USD
sv,MM,0.4400,0.7500,-0.3100,-41.33,2.7400,-0.8494,USD,USD,USD
sv,AT,0.2700,0.4600,-0.1900,-41.30,4.5600,-0.8664,USD,USD,USD
sv2,MO,0.3400,0.9400,-0.6000,-63.83,1.4900,-0.8940,USD,USD,USD
nsd,LT,0.2500,0.6800,-0.4300,-63.24,2.1200,-0.9116,USD,USD,USD
sv2,PE,0.1200,0.2500,-0.1300,-52.00,7.0300,-0.9139,USD,USD,USD
nsd,HU,0.1800,0.4700,-0.2900,-61.70,3.1800,-0.9222,USD,USD,USD
sv,RO,0.2500,0.4000,-0.1500,-37.50,6.2000,-0.9300,USD,USD,USD
sv,GB,0.3500,0.4000,-0.0500,-12.50,20.0100,-1.0005,USD,USD,USD
sv2,EC,0.2000,0.3500,-0.1500,-42.86,6.9400,-1.0410,USD,USD,USD
nsd,BG,0.2500,0.3400,-0.0900,-26.47,12.1800,-1.0962,USD,USD,USD
nsd,CZ,0.2100,0.4000,-0.1900,-47.50,5.8200,-1.1058,USD,USD,USD
sv2,CM,0.2500,0.6800,-0.4300,-63.24,2.6400,-1.1352,USD,USD,USD
nsd,NZ,0.2000,0.7100,-0.5100,-71.83,2.2500,-1.1475,USD,USD,USD
sv2,LV,0.2200,0.7800,-0.5600,-71.79,2.1200,-1.1872,USD,USD,USD
nsd,ES,0.2500,0.3000,-0.0500,-16.67,24.0100,-1.2005,USD,USD,USD
sv,DJ,2.1800,2.8000,-0.6200,-22.14,2.0000,-1.2400,USD,USD,USD
sv2,BO,0.3200,0.5500,-0.2300,-41.82,5.5400,-1.2742,USD,USD,USD
sv2,KG,0.2100,0.2500,-0.0400,-16.00,32.2300,-1.2892,USD,USD,USD
sv2,KZ,0.1800,0.3600,-0.1800,-50.00,7.1700,-1.2906,USD,USD,USD
nsd,MZ,0.6300,0.8500,-0.2200,-25.88,6.0600,-1.3332,USD,USD,USD
sv2,IE,0.2900,0.4000,-0.1100,-27.50,12.3300,-1.3563,USD,USD,USD
sv2,TW,0.2300,0.2600,-0.0300,-11.54,47.8500,-1.4355,USD,USD,USD
nsd,FI,0.2700,0.5200,-0.2500,-48.08,5.8400,-1.4600,USD,USD,USD
nsd,BE,0.1900,0.5000,-0.3100,-62.00,4.7700,-1.4787,USD,USD,USD
sv2,LT,0.2000,0.6800,-0.4800,-70.59,3.1500,-1.5120,USD,USD,USD
nsd,UA,0.3300,0.3900,-0.0600,-15.38,26.2500,-1.5750,USD,USD,USD
nsd,GR,0.2700,0.4400,-0.1700,-38.64,9.2900,-1.5793,USD,USD,USD
sv,PL,0.4500,0.5600,-0.1100,-19.64,14.9200,-1.6412,USD,USD,USD
sv2,NZ,0.2200,0.7100,-0.4900,-69.01,3.4400,-1.6856,USD,USD,USD
sv2,BG,0.2600,0.3400,-0.0800,-23.53,21.2800,-1.7024,USD,USD,USD
sv2,HK,0.3100,0.4900,-0.1800,-36.73,9.8500,-1.7730,USD,USD,USD
sv2,NO,0.3900,0.5800,-0.1900,-32.76,9.9000,-1.8810,USD,USD,USD
nsd,KH,0.1000,0.2100,-0.1100,-52.38,17.8400,-1.9624,USD,USD,USD
nsd,ID,0.2200,0.3300,-0.1100,-33.33,18.8700,-2.0757,USD,USD,USD
nsd,TR,0.0700,0.1500,-0.0800,-53.33,26.1500,-2.0920,USD,USD,USD
sv2,KH,0.1300,0.2100,-0.0800,-38.10,26.2400,-2.0992,USD,USD,USD
sv2,PT,0.1700,0.3100,-0.1400,-45.16,15.0900,-2.1126,USD,USD,USD
sv,IN,0.0800,0.1000,-0.0200,-20.00,108.7500,-2.1750,USD,USD,USD
sv2,UA,0.2600,0.3900,-0.1300,-33.33,16.9200,-2.1996,USD,USD,USD
sv2,CZ,0.2100,0.4000,-0.1900,-47.50,11.6000,-2.2040,USD,USD,USD
sv2,FI,0.3200,0.5200,-0.2000,-38.46,11.0900,-2.2180,USD,USD,USD
sv2,DJ,0.9500,2.8000,-1.8500,-66.07,1.2000,-2.2200,USD,USD,USD
sv,JP,0.2500,0.3000,-0.0500,-16.67,46.6900,-2.3345,USD,USD,USD
sv2,AT,0.3900,0.4600,-0.0700,-15.22,33.5700,-2.3499,USD,USD,USD
sv2,HU,0.2100,0.4700,-0.2600,-55.32,9.1000,-2.3660,USD,USD,USD
nsd,CH,0.3000,0.5500,-0.2500,-45.45,9.5100,-2.3775,USD,USD,USD
nsd,JO,0.2500,0.4300,-0.1800,-41.86,13.2100,-2.3778,USD,USD,USD
nsd,KR,0.2200,0.4100,-0.1900,-46.34,12.6600,-2.4054,USD,USD,USD
nsd,MA,0.2400,0.3500,-0.1100,-31.43,21.9900,-2.4189,USD,USD,USD
nsd,KZ,0.2000,0.3600,-0.1600,-44.44,15.1700,-2.4272,USD,USD,USD
sv,IT,0.2500,0.3500,-0.1000,-28.57,25.9300,-2.5930,USD,USD,USD
nsd,RO,0.1600,0.4000,-0.2400,-60.00,11.1900,-2.6856,USD,USD,USD
nsd,CM,0.4400,0.6800,-0.2400,-35.29,11.2300,-2.6952,USD,USD,USD
nsd,GB,0.3400,0.4000,-0.0600,-15.00,45.8000,-2.7480,USD,USD,USD
sv2,MA,0.2300,0.3500,-0.1200,-34.29,23.0800,-2.7696,USD,USD,USD
nsd,DK,0.5500,0.8400,-0.2900,-34.52,9.6700,-2.8043,USD,USD,USD
sv2,TR,0.0700,0.1500,-0.0800,-53.33,35.2700,-2.8216,USD,USD,USD
sv,MR,0.6300,1.1700,-0.5400,-46.15,5.3000,-2.8620,USD,USD,USD
nsd,AT,0.2300,0.4600,-0.2300,-50.00,12.6900,-2.9187,USD,USD,USD
nsd,TW,0.1800,0.2600,-0.0800,-30.77,37.5100,-3.0008,USD,USD,USD
sv2,MM,0.3300,0.7500,-0.4200,-56.00,7.3000,-3.0660,USD,USD,USD
sv2,GR,0.2300,0.4400,-0.2100,-47.73,14.9100,-3.1311,USD,USD,USD
nsd,CI,0.6100,0.8000,-0.1900,-23.75,16.8900,-3.2091,USD,USD,USD
sv2,JO,0.1300,0.4300,-0.3000,-69.77,11.1900,-3.3570,USD,USD,USD
nsd,JP,0.0900,0.3000,-0.2100,-70.00,16.1700,-3.3957,USD,USD,USD
nsd,DE,0.3200,0.3400,-0.0200,-5.88,174.4600,-3.4892,USD,USD,USD
nsd,MM,0.3600,0.7500,-0.3900,-52.00,9.3100,-3.6309,USD,USD,USD
sv,AU,0.3100,0.8400,-0.5300,-63.10,6.9000,-3.6570,USD,USD,USD
nsd,CA,0.3100,0.4000,-0.0900,-22.50,40.8700,-3.6783,USD,USD,USD
sv2,MN,0.2400,0.4800,-0.2400,-50.00,16.2300,-3.8952,USD,USD,USD
sv2,CA,0.3300,0.4000,-0.0700,-17.50,57.1200,-3.9984,USD,USD,USD
sv2,FR,0.2700,0.3300,-0.0600,-18.18,69.9300,-4.1958,USD,USD,USD
sv2,KR,0.3100,0.4100,-0.1000,-24.39,42.4300,-4.2430,USD,USD,USD
sv2,RO,0.2600,0.4000,-0.1400,-35.00,31.2200,-4.3708,USD,USD,USD
sv2,CI,0.6200,0.8000,-0.1800,-22.50,24.5300,-4.4154,USD,USD,USD
sv2,MR,0.2800,1.1700,-0.8900,-76.07,5.1500,-4.5835,USD,USD,USD
sv,SO,0.9500,1.4800,-0.5300,-35.81,8.6500,-4.5845,USD,USD,USD
sv2,LK,0.2400,0.3300,-0.0900,-27.27,53.0700,-4.7763,USD,USD,USD
nsd,MN,0.3400,0.4800,-0.1400,-29.17,37.4300,-5.2402,USD,USD,USD
nsd,FR,0.1800,0.3300,-0.1500,-45.45,36.8800,-5.5320,USD,USD,USD
sv2,BE,0.2400,0.5000,-0.2600,-52.00,22.6500,-5.8890,USD,USD,USD
nsd,LK,0.2700,0.3300,-0.0600,-18.18,98.5800,-5.9148,USD,USD,USD
sv2,DK,0.3600,0.8400,-0.4800,-57.14,13.9300,-6.6864,USD,USD,USD
nsd,PL,0.3200,0.5600,-0.2400,-42.86,30.6600,-7.3584,USD,USD,USD
sv2,PL,0.3600,0.5600,-0.2000,-35.71,39.2200,-7.8440,USD,USD,USD
sv2,IT,0.1900,0.3500,-0.1600,-45.71,50.2600,-8.0416,USD,USD,USD
nsd,IT,0.1700,0.3500,-0.1800,-51.43,48.1600,-8.6688,USD,USD,USD
nsd,DJ,1.1200,2.8000,-1.6800,-60.00,5.5500,-9.3240,USD,USD,USD
nsd,MR,0.6000,1.1700,-0.5700,-48.72,19.3000,-11.0010,USD,USD,USD
nsd,IN,0.0700,0.1000,-0.0300,-30.00,382.0800,-11.4624,USD,USD,USD
nsd,AU,0.2600,0.8400,-0.5800,-69.05,21.3200,-12.3656,USD,USD,USD
sv2,SO,0.8600,1.4800,-0.6200,-41.89,20.2100,-12.5302,USD,USD,USD
sv2,AU,0.3600,0.8400,-0.4800,-57.14,26.7200,-12.8256,USD,USD,USD
sv,US,0.4300,0.5600,-0.1300,-23.21,99.2300,-12.8999,USD,USD,USD
sv2,JP,0.1600,0.3000,-0.1400,-46.67,100.1800,-14.0252,USD,USD,USD
sv2,US,0.5400,0.5600,-0.0200,-3.57,975.7000,-19.5140,USD,USD,USD
nsd,SO,0.8900,1.4800,-0.5900,-39.86,43.6200,-25.7358,USD,USD,USD
nsd,EG,0.2600,0.3500,-0.0900,-25.71,386.3700,-34.7733,USD,USD,USD
nsd,US,0.4200,0.5600,-0.1400,-25.00,293.1500,-41.0410,USD,USD,USD
sv2,EG,0.2200,0.3500,-0.1300,-37.14,455.0700,-59.1591,USD,USD,USD
